{"cameraMode":{"drawMode":0,"name":"Shaded","section":"Shading Mode"},"sceneLighting":true,"audioPlay":false,"sceneViewState":{"showFog":true,"showMaterialUpdate":true,"showSkybox":true,"showFlares":true,"showImageEffects":true,"showParticleSystems":true},"in2DMode":false,"pivot":{"x":4.598796844482422,"y":4.935853958129883,"z":7.854740142822266},"rotation":{"x":-0.1826910823583603,"y":0.7022176384925842,"z":-0.19434453547000886,"w":-0.660111129283905},"size":40.284942626953128,"orthographic":false}