{"cameraMode":{"drawMode":0,"name":"Shaded","section":"Shading Mode"},"sceneLighting":true,"audioPlay":false,"sceneViewState":{"showFog":true,"showMaterialUpdate":false,"showSkybox":true,"showFlares":true,"showImageEffects":true,"showParticleSystems":true},"in2DMode":false,"pivot":{"x":0.430511474609375,"y":7.058597564697266,"z":-36.067649841308597},"rotation":{"x":0.25163179636001589,"y":0.730890691280365,"z":-0.34569552540779116,"w":0.531970202922821},"size":54.24289321899414,"orthographic":false}